{
  "applicationName": "OneClick",
  "applicationId": "com.mycompany.myAppID",
  "versionString": "1.0",
  "versionCode": "1",
  "icon": {
    "57": "resources/icons/Icon.png",
    "72": "resources/icons/Icon~ipad.png",
    "114": "resources/icons/Icon@2x.png",
    "144": "resources/icons/Icon~ipad@2x.png"
  },
  "inputPath": "/Applications/XAMPP/xamppfiles/htdocs/one/OneClick/build/OneClick/package",
  "outputPath": "/Applications/XAMPP/xamppfiles/htdocs/one/OneClick/build/OneClick/native",
  "configuration": "Debug",
  "platform": "iOSSimulator",
  "deviceType": "Universal",
  "androidAPILevel": "8",
  "permissions": [
    "INTERNET",
    "ACCESS_NETWORK_STATE",
    "CAMERA",
    "VIBRATE",
    "ACCESS_FINE_LOCATION",
    "ACCESS_COARSE_LOCATION",
    "CALL_PHONE"
  ],
  "orientations": [
    "portrait",
    "landscapeLeft",
    "landscapeRight",
    "portraitUpsideDown"
  ]
}